-- MySQL dump 10.13  Distrib 8.0.41, for Linux (x86_64)
--
-- Host: localhost    Database: mmtb
-- ------------------------------------------------------
-- Server version	8.0.41-0ubuntu0.24.04.1

/*!40101 SET @OLD_CHARACTER_SET_CLIENT=@@CHARACTER_SET_CLIENT */;
/*!40101 SET @OLD_CHARACTER_SET_RESULTS=@@CHARACTER_SET_RESULTS */;
/*!40101 SET @OLD_COLLATION_CONNECTION=@@COLLATION_CONNECTION */;
/*!50503 SET NAMES utf8mb4 */;
/*!40103 SET @OLD_TIME_ZONE=@@TIME_ZONE */;
/*!40103 SET TIME_ZONE='+00:00' */;
/*!40014 SET @OLD_UNIQUE_CHECKS=@@UNIQUE_CHECKS, UNIQUE_CHECKS=0 */;
/*!40014 SET @OLD_FOREIGN_KEY_CHECKS=@@FOREIGN_KEY_CHECKS, FOREIGN_KEY_CHECKS=0 */;
/*!40101 SET @OLD_SQL_MODE=@@SQL_MODE, SQL_MODE='NO_AUTO_VALUE_ON_ZERO' */;
/*!40111 SET @OLD_SQL_NOTES=@@SQL_NOTES, SQL_NOTES=0 */;

--
-- Table structure for table `added`
--

DROP TABLE IF EXISTS `added`;
/*!40101 SET @saved_cs_client     = @@character_set_client */;
/*!50503 SET character_set_client = utf8mb4 */;
CREATE TABLE `added` (
  `id` bigint unsigned NOT NULL AUTO_INCREMENT,
  `district_id` bigint unsigned DEFAULT NULL,
  `maktab_raqami` int DEFAULT NULL,
  `mfy` varchar(255) COLLATE utf8mb4_unicode_ci DEFAULT NULL,
  `qurilgan_yili` year DEFAULT NULL,
  `songi_tamir_yili` year DEFAULT NULL,
  `sektor_raqami` int DEFAULT NULL,
  `yer_maydoni` double DEFAULT NULL,
  `xudud_oralganligi` tinyint(1) DEFAULT NULL,
  `binolar_soni` int DEFAULT NULL,
  `binolar_qavatligi` int DEFAULT NULL,
  `binolar_maydoni` double DEFAULT NULL,
  `istilidigan_maydon` double DEFAULT NULL,
  `quvvati` int DEFAULT NULL,
  `oquvchi_soni` int DEFAULT NULL,
  `koffsiyent` double DEFAULT NULL,
  `oshxona_yoki_bufet_quvvati` int DEFAULT NULL,
  `sport_zal_soni_va_maydoni` varchar(255) COLLATE utf8mb4_unicode_ci DEFAULT NULL,
  `faollar_zali_va_quvvati` varchar(255) COLLATE utf8mb4_unicode_ci DEFAULT NULL,
  `xolati` varchar(255) COLLATE utf8mb4_unicode_ci DEFAULT NULL,
  `tom_xolati_yuzda` double DEFAULT NULL,
  `deraza_rom_xolati_yuzda` double DEFAULT NULL,
  `istish_turi` varchar(255) COLLATE utf8mb4_unicode_ci DEFAULT NULL,
  `qozonlar_soni` int DEFAULT NULL,
  `qozonlar_xolati_yuzda` double DEFAULT NULL,
  `apoklar_xolati_yuzda` double DEFAULT NULL,
  `gaz_istemoli` double DEFAULT NULL,
  `elektr_istemoli` double DEFAULT NULL,
  `issiqlik_istemoli` double DEFAULT NULL,
  `quyosh_paneli` tinyint(1) DEFAULT NULL,
  `maktab_rasmlari` varchar(255) COLLATE utf8mb4_unicode_ci DEFAULT NULL,
  `geokollektor` tinyint(1) DEFAULT NULL,
  `lokatsiya` varchar(255) COLLATE utf8mb4_unicode_ci DEFAULT NULL,
  `created_at` timestamp NULL DEFAULT NULL,
  `updated_at` timestamp NULL DEFAULT NULL,
  PRIMARY KEY (`id`),
  KEY `added_district_id_index` (`district_id`),
  CONSTRAINT `added_district_id_foreign` FOREIGN KEY (`district_id`) REFERENCES `districts` (`id`) ON DELETE SET NULL
) ENGINE=InnoDB AUTO_INCREMENT=145 DEFAULT CHARSET=utf8mb4 COLLATE=utf8mb4_unicode_ci;
/*!40101 SET character_set_client = @saved_cs_client */;

--
-- Dumping data for table `added`
--

LOCK TABLES `added` WRITE;
/*!40000 ALTER TABLE `added` DISABLE KEYS */;
INSERT INTO `added` VALUES (1,1,NULL,'School #1 - Bektemir',1956,2012,1,56.87,1,4,3,NULL,NULL,440,733,NULL,NULL,NULL,NULL,'inactive',NULL,NULL,NULL,NULL,NULL,NULL,NULL,NULL,NULL,NULL,NULL,NULL,'Bektemir District, Street 1','2025-04-17 06:08:47','2025-04-17 06:08:47'),(2,1,NULL,'School #2 - Bektemir',2017,2020,3,59.18,0,3,3,NULL,NULL,396,521,NULL,NULL,NULL,NULL,'active',NULL,NULL,NULL,NULL,NULL,NULL,NULL,NULL,NULL,NULL,NULL,NULL,'Bektemir District, Street 2','2025-04-17 06:08:47','2025-04-17 06:08:47'),(3,1,NULL,'School #3 - Bektemir',1997,2023,4,69.89,1,1,4,NULL,NULL,807,960,NULL,NULL,NULL,NULL,'active',NULL,NULL,NULL,NULL,NULL,NULL,NULL,NULL,NULL,NULL,NULL,NULL,'Bektemir District, Street 3','2025-04-17 06:08:47','2025-04-17 06:08:47'),(4,1,NULL,'School #4 - Bektemir',1960,2019,2,142.03,0,4,1,NULL,NULL,763,551,NULL,NULL,NULL,NULL,'active',NULL,NULL,NULL,NULL,NULL,NULL,NULL,NULL,NULL,NULL,NULL,NULL,'Bektemir District, Street 4','2025-04-17 06:08:47','2025-04-17 06:08:47'),(6,2,NULL,'School #2 - Chilanzar',1955,2015,2,108.32,0,4,2,NULL,NULL,1102,280,NULL,NULL,NULL,NULL,'inactive',NULL,NULL,NULL,NULL,NULL,NULL,NULL,NULL,NULL,NULL,NULL,NULL,'Chilanzar District, Street 2','2025-04-17 06:08:47','2025-04-17 06:08:47'),(7,2,NULL,'School #3 - Chilanzar',1999,2023,2,142.26,0,1,1,NULL,NULL,876,689,NULL,NULL,NULL,NULL,'active',NULL,NULL,NULL,NULL,NULL,NULL,NULL,NULL,NULL,NULL,NULL,NULL,'Chilanzar District, Street 3','2025-04-17 06:08:47','2025-04-17 06:08:47'),(8,2,NULL,'School #4 - Chilanzar',1992,2013,1,129.98,0,3,3,NULL,NULL,1001,271,NULL,NULL,NULL,NULL,'active',NULL,NULL,NULL,NULL,NULL,NULL,NULL,NULL,NULL,NULL,NULL,NULL,'Chilanzar District, Street 4','2025-04-17 06:08:47','2025-04-17 06:08:47'),(9,2,NULL,'School #5 - Chilanzar',2003,2019,4,104.4,0,4,2,NULL,NULL,679,590,NULL,NULL,NULL,NULL,'active',NULL,NULL,NULL,NULL,NULL,NULL,NULL,NULL,NULL,NULL,NULL,NULL,'Chilanzar District, Street 5','2025-04-17 06:08:47','2025-04-17 06:08:47'),(10,2,NULL,'School #6 - Chilanzar',1968,2018,4,146.35,1,2,4,NULL,NULL,1023,827,NULL,NULL,NULL,NULL,'active',NULL,NULL,NULL,NULL,NULL,NULL,NULL,NULL,NULL,NULL,NULL,NULL,'Chilanzar District, Street 6','2025-04-17 06:08:47','2025-04-17 06:08:47'),(11,2,NULL,'School #7 - Chilanzar',2004,2023,4,141.52,1,1,2,NULL,NULL,823,404,NULL,NULL,NULL,NULL,'active',NULL,NULL,NULL,NULL,NULL,NULL,NULL,NULL,NULL,NULL,NULL,NULL,'Chilanzar District, Street 7','2025-04-17 06:08:47','2025-04-17 06:08:47'),(12,3,NULL,'School #1 - Mirobod',2006,2011,4,129.29,1,4,1,NULL,NULL,392,406,NULL,NULL,NULL,NULL,'inactive',NULL,NULL,NULL,NULL,NULL,NULL,NULL,NULL,NULL,NULL,NULL,NULL,'Mirobod District, Street 1','2025-04-17 06:08:47','2025-04-17 06:08:47'),(13,3,NULL,'School #2 - Mirobod',1991,2013,2,87.55,1,3,4,NULL,NULL,817,994,NULL,NULL,NULL,NULL,'active',NULL,NULL,NULL,NULL,NULL,NULL,NULL,NULL,NULL,NULL,NULL,NULL,'Mirobod District, Street 2','2025-04-17 06:08:47','2025-04-17 06:08:47'),(14,3,NULL,'School #3 - Mirobod',1954,2023,1,140.31,0,3,2,NULL,NULL,465,984,NULL,NULL,NULL,NULL,'active',NULL,NULL,NULL,NULL,NULL,NULL,NULL,NULL,NULL,NULL,NULL,NULL,'Mirobod District, Street 3','2025-04-17 06:08:47','2025-04-17 06:08:47'),(15,3,NULL,'School #4 - Mirobod',1971,2013,1,57.51,0,5,2,NULL,NULL,995,621,NULL,NULL,NULL,NULL,'inactive',NULL,NULL,NULL,NULL,NULL,NULL,NULL,NULL,NULL,NULL,NULL,NULL,'Mirobod District, Street 4','2025-04-17 06:08:47','2025-04-17 06:08:47'),(16,3,NULL,'School #5 - Mirobod',2003,2010,2,142.49,0,4,3,NULL,NULL,634,577,NULL,NULL,NULL,NULL,'inactive',NULL,NULL,NULL,NULL,NULL,NULL,NULL,NULL,NULL,NULL,NULL,NULL,'Mirobod District, Street 5','2025-04-17 06:08:47','2025-04-17 06:08:47'),(17,4,NULL,'School #1 - Mirzo Ulug\'bek',1992,2012,1,53.79,1,2,2,NULL,NULL,578,417,NULL,NULL,NULL,NULL,'active',NULL,NULL,NULL,NULL,NULL,NULL,NULL,NULL,NULL,NULL,NULL,NULL,'Mirzo Ulug\'bek District, Street 1','2025-04-17 06:08:47','2025-04-17 06:08:47'),(18,4,NULL,'School #2 - Mirzo Ulug\'bek',1956,2019,3,66.92,0,3,1,NULL,NULL,728,319,NULL,NULL,NULL,NULL,'active',NULL,NULL,NULL,NULL,NULL,NULL,NULL,NULL,NULL,NULL,NULL,NULL,'Mirzo Ulug\'bek District, Street 2','2025-04-17 06:08:47','2025-04-17 06:08:47'),(19,4,NULL,'School #3 - Mirzo Ulug\'bek',2008,2016,2,92.47,0,1,3,NULL,NULL,840,889,NULL,NULL,NULL,NULL,'active',NULL,NULL,NULL,NULL,NULL,NULL,NULL,NULL,NULL,NULL,NULL,NULL,'Mirzo Ulug\'bek District, Street 3','2025-04-17 06:08:47','2025-04-17 06:08:47'),(20,4,NULL,'School #4 - Mirzo Ulug\'bek',1957,2018,4,88.03,1,1,4,NULL,NULL,1148,599,NULL,NULL,NULL,NULL,'inactive',NULL,NULL,NULL,NULL,NULL,NULL,NULL,NULL,NULL,NULL,NULL,NULL,'Mirzo Ulug\'bek District, Street 4','2025-04-17 06:08:47','2025-04-17 06:08:47'),(21,4,NULL,'School #5 - Mirzo Ulug\'bek',1992,2021,1,118.4,1,4,2,NULL,NULL,723,203,NULL,NULL,NULL,NULL,'active',NULL,NULL,NULL,NULL,NULL,NULL,NULL,NULL,NULL,NULL,NULL,NULL,'Mirzo Ulug\'bek District, Street 5','2025-04-17 06:08:47','2025-04-17 06:08:47'),(22,5,NULL,'School #1 - Olmazor',2018,2014,3,142.33,1,1,4,NULL,NULL,370,292,NULL,NULL,NULL,NULL,'inactive',NULL,NULL,NULL,NULL,NULL,NULL,NULL,NULL,NULL,NULL,NULL,NULL,'Olmazor District, Street 1','2025-04-17 06:08:47','2025-04-17 06:08:47'),(23,5,NULL,'School #2 - Olmazor',1983,2019,1,115.8,1,2,3,NULL,NULL,850,786,NULL,NULL,NULL,NULL,'inactive',NULL,NULL,NULL,NULL,NULL,NULL,NULL,NULL,NULL,NULL,NULL,NULL,'Olmazor District, Street 2','2025-04-17 06:08:47','2025-04-17 06:08:47'),(24,5,NULL,'School #3 - Olmazor',1960,2016,1,83.49,1,3,2,NULL,NULL,1071,223,NULL,NULL,NULL,NULL,'inactive',NULL,NULL,NULL,NULL,NULL,NULL,NULL,NULL,NULL,NULL,NULL,NULL,'Olmazor District, Street 3','2025-04-17 06:08:47','2025-04-17 06:08:47'),(25,5,NULL,'School #4 - Olmazor',1950,2019,2,65.82,1,1,4,NULL,NULL,1071,714,NULL,NULL,NULL,NULL,'active',NULL,NULL,NULL,NULL,NULL,NULL,NULL,NULL,NULL,NULL,NULL,NULL,'Olmazor District, Street 4','2025-04-17 06:08:47','2025-04-17 06:08:47'),(26,5,NULL,'School #5 - Olmazor',1976,2025,3,113.52,1,1,1,NULL,NULL,459,275,NULL,NULL,NULL,NULL,'inactive',NULL,NULL,NULL,NULL,NULL,NULL,NULL,NULL,NULL,NULL,NULL,NULL,'Olmazor District, Street 5','2025-04-17 06:08:47','2025-04-17 06:08:47'),(27,5,NULL,'School #6 - Olmazor',2001,2023,3,103.88,0,5,4,NULL,NULL,1187,801,NULL,NULL,NULL,NULL,'active',NULL,NULL,NULL,NULL,NULL,NULL,NULL,NULL,NULL,NULL,NULL,NULL,'Olmazor District, Street 6','2025-04-17 06:08:47','2025-04-17 06:08:47'),(28,5,NULL,'School #7 - Olmazor',1959,2012,4,62.51,1,4,2,NULL,NULL,516,539,NULL,NULL,NULL,NULL,'active',NULL,NULL,NULL,NULL,NULL,NULL,NULL,NULL,NULL,NULL,NULL,NULL,'Olmazor District, Street 7','2025-04-17 06:08:47','2025-04-17 06:08:47'),(29,5,NULL,'School #8 - Olmazor',1954,2018,4,127.6,0,1,1,NULL,NULL,948,419,NULL,NULL,NULL,NULL,'active',NULL,NULL,NULL,NULL,NULL,NULL,NULL,NULL,NULL,NULL,NULL,NULL,'Olmazor District, Street 8','2025-04-17 06:08:47','2025-04-17 06:08:47'),(30,6,NULL,'School #1 - Sergeli',1996,2024,4,121.05,1,2,4,NULL,NULL,522,310,NULL,NULL,NULL,NULL,'inactive',NULL,NULL,NULL,NULL,NULL,NULL,NULL,NULL,NULL,NULL,NULL,NULL,'Sergeli District, Street 1','2025-04-17 06:08:47','2025-04-17 06:08:47'),(31,6,NULL,'School #2 - Sergeli',1968,2015,3,57.46,1,5,4,NULL,NULL,569,205,NULL,NULL,NULL,NULL,'active',NULL,NULL,NULL,NULL,NULL,NULL,NULL,NULL,NULL,NULL,NULL,NULL,'Sergeli District, Street 2','2025-04-17 06:08:47','2025-04-17 06:08:47'),(32,6,NULL,'School #3 - Sergeli',2001,2014,4,146.34,1,5,4,NULL,NULL,525,288,NULL,NULL,NULL,NULL,'active',NULL,NULL,NULL,NULL,NULL,NULL,NULL,NULL,NULL,NULL,NULL,NULL,'Sergeli District, Street 3','2025-04-17 06:08:47','2025-04-17 06:08:47'),(33,6,NULL,'School #4 - Sergeli',2016,2016,2,73.23,0,1,1,NULL,NULL,729,409,NULL,NULL,NULL,NULL,'active',NULL,NULL,NULL,NULL,NULL,NULL,NULL,NULL,NULL,NULL,NULL,NULL,'Sergeli District, Street 4','2025-04-17 06:08:47','2025-04-17 06:08:47'),(34,6,NULL,'School #5 - Sergeli',2012,2018,3,128.49,1,5,2,NULL,NULL,1087,367,NULL,NULL,NULL,NULL,'active',NULL,NULL,NULL,NULL,NULL,NULL,NULL,NULL,NULL,NULL,NULL,NULL,'Sergeli District, Street 5','2025-04-17 06:08:47','2025-04-17 06:08:47'),(35,6,NULL,'School #6 - Sergeli',1986,2025,4,122.15,1,2,1,NULL,NULL,904,216,NULL,NULL,NULL,NULL,'active',NULL,NULL,NULL,NULL,NULL,NULL,NULL,NULL,NULL,NULL,NULL,NULL,'Sergeli District, Street 6','2025-04-17 06:08:47','2025-04-17 06:08:47'),(36,7,NULL,'School #1 - Shayxontohur',2009,2022,2,100.82,1,3,3,NULL,NULL,1137,897,NULL,NULL,NULL,NULL,'inactive',NULL,NULL,NULL,NULL,NULL,NULL,NULL,NULL,NULL,NULL,NULL,NULL,'Shayxontohur District, Street 1','2025-04-17 06:08:47','2025-04-17 06:08:47'),(37,7,NULL,'School #2 - Shayxontohur',1995,2019,3,81.34,0,5,1,NULL,NULL,483,573,NULL,NULL,NULL,NULL,'active',NULL,NULL,NULL,NULL,NULL,NULL,NULL,NULL,NULL,NULL,NULL,NULL,'Shayxontohur District, Street 2','2025-04-17 06:08:47','2025-04-17 06:08:47'),(38,7,NULL,'School #3 - Shayxontohur',2015,2010,1,100.08,1,2,2,NULL,NULL,622,355,NULL,NULL,NULL,NULL,'inactive',NULL,NULL,NULL,NULL,NULL,NULL,NULL,NULL,NULL,NULL,NULL,NULL,'Shayxontohur District, Street 3','2025-04-17 06:08:47','2025-04-17 06:08:47'),(39,7,NULL,'School #4 - Shayxontohur',1950,2018,2,108.32,1,5,2,NULL,NULL,429,910,NULL,NULL,NULL,NULL,'active',NULL,NULL,NULL,NULL,NULL,NULL,NULL,NULL,NULL,NULL,NULL,NULL,'Shayxontohur District, Street 4','2025-04-17 06:08:47','2025-04-17 06:08:47'),(40,7,NULL,'School #5 - Shayxontohur',1990,2021,4,93.64,1,4,2,NULL,NULL,1180,554,NULL,NULL,NULL,NULL,'active',NULL,NULL,NULL,NULL,NULL,NULL,NULL,NULL,NULL,NULL,NULL,NULL,'Shayxontohur District, Street 5','2025-04-17 06:08:47','2025-04-17 06:08:47'),(41,7,NULL,'School #6 - Shayxontohur',2008,2019,2,119.29,1,2,1,NULL,NULL,352,909,NULL,NULL,NULL,NULL,'active',NULL,NULL,NULL,NULL,NULL,NULL,NULL,NULL,NULL,NULL,NULL,NULL,'Shayxontohur District, Street 6','2025-04-17 06:08:47','2025-04-17 06:08:47'),(42,8,NULL,'School #1 - Uchtepa',1963,2023,2,68.28,0,4,3,NULL,NULL,527,811,NULL,NULL,NULL,NULL,'inactive',NULL,NULL,NULL,NULL,NULL,NULL,NULL,NULL,NULL,NULL,NULL,NULL,'Uchtepa District, Street 1','2025-04-17 06:08:47','2025-04-17 06:08:47'),(43,8,NULL,'School #2 - Uchtepa',1976,2014,2,140.39,1,5,3,NULL,NULL,772,629,NULL,NULL,NULL,NULL,'active',NULL,NULL,NULL,NULL,NULL,NULL,NULL,NULL,NULL,NULL,NULL,NULL,'Uchtepa District, Street 2','2025-04-17 06:08:48','2025-04-17 06:08:48'),(44,8,NULL,'School #3 - Uchtepa',1973,2020,4,94.27,0,3,2,NULL,NULL,540,592,NULL,NULL,NULL,NULL,'active',NULL,NULL,NULL,NULL,NULL,NULL,NULL,NULL,NULL,NULL,NULL,NULL,'Uchtepa District, Street 3','2025-04-17 06:08:48','2025-04-17 06:08:48'),(45,8,NULL,'School #4 - Uchtepa',2020,2012,4,106.82,1,1,1,NULL,NULL,448,769,NULL,NULL,NULL,NULL,'active',NULL,NULL,NULL,NULL,NULL,NULL,NULL,NULL,NULL,NULL,NULL,NULL,'Uchtepa District, Street 4','2025-04-17 06:08:48','2025-04-17 06:08:48'),(46,8,NULL,'School #5 - Uchtepa',1984,2024,3,67,1,4,1,NULL,NULL,374,870,NULL,NULL,NULL,NULL,'inactive',NULL,NULL,NULL,NULL,NULL,NULL,NULL,NULL,NULL,NULL,NULL,NULL,'Uchtepa District, Street 5','2025-04-17 06:08:48','2025-04-17 06:08:48'),(47,8,NULL,'School #6 - Uchtepa',2007,2015,2,118.71,0,3,1,NULL,NULL,1004,554,NULL,NULL,NULL,NULL,'active',NULL,NULL,NULL,NULL,NULL,NULL,NULL,NULL,NULL,NULL,NULL,NULL,'Uchtepa District, Street 6','2025-04-17 06:08:48','2025-04-17 06:08:48'),(48,8,NULL,'School #7 - Uchtepa',1981,2019,3,149.05,0,2,1,NULL,NULL,622,750,NULL,NULL,NULL,NULL,'active',NULL,NULL,NULL,NULL,NULL,NULL,NULL,NULL,NULL,NULL,NULL,NULL,'Uchtepa District, Street 7','2025-04-17 06:08:48','2025-04-17 06:08:48'),(49,8,NULL,'School #8 - Uchtepa',2020,2012,4,70.37,0,4,3,NULL,NULL,835,871,NULL,NULL,NULL,NULL,'active',NULL,NULL,NULL,NULL,NULL,NULL,NULL,NULL,NULL,NULL,NULL,NULL,'Uchtepa District, Street 8','2025-04-17 06:08:48','2025-04-17 06:08:48'),(50,9,NULL,'School #1 - Yashnobod',1996,2012,4,121.72,0,1,2,NULL,NULL,365,684,NULL,NULL,NULL,NULL,'inactive',NULL,NULL,NULL,NULL,NULL,NULL,NULL,NULL,NULL,NULL,NULL,NULL,'Yashnobod District, Street 1','2025-04-17 06:08:48','2025-04-17 06:08:48'),(51,9,NULL,'School #2 - Yashnobod',1957,2025,1,135.18,0,1,1,NULL,NULL,810,927,NULL,NULL,NULL,NULL,'active',NULL,NULL,NULL,NULL,NULL,NULL,NULL,NULL,NULL,NULL,NULL,NULL,'Yashnobod District, Street 2','2025-04-17 06:08:48','2025-04-17 06:08:48'),(52,9,NULL,'School #3 - Yashnobod',1959,2018,3,148.82,1,2,1,NULL,NULL,1011,875,NULL,NULL,NULL,NULL,'active',NULL,NULL,NULL,NULL,NULL,NULL,NULL,NULL,NULL,NULL,NULL,NULL,'Yashnobod District, Street 3','2025-04-17 06:08:48','2025-04-17 06:08:48'),(53,9,NULL,'School #4 - Yashnobod',1975,2010,4,100.54,1,4,4,NULL,NULL,964,253,NULL,NULL,NULL,NULL,'active',NULL,NULL,NULL,NULL,NULL,NULL,NULL,NULL,NULL,NULL,NULL,NULL,'Yashnobod District, Street 4','2025-04-17 06:08:48','2025-04-17 06:08:48'),(54,9,NULL,'School #5 - Yashnobod',1999,2011,4,65.9,0,4,2,NULL,NULL,342,465,NULL,NULL,NULL,NULL,'inactive',NULL,NULL,NULL,NULL,NULL,NULL,NULL,NULL,NULL,NULL,NULL,NULL,'Yashnobod District, Street 5','2025-04-17 06:08:48','2025-04-17 06:08:48'),(55,9,NULL,'School #6 - Yashnobod',2007,2020,1,96.9,1,2,3,NULL,NULL,614,867,NULL,NULL,NULL,NULL,'active',NULL,NULL,NULL,NULL,NULL,NULL,NULL,NULL,NULL,NULL,NULL,NULL,'Yashnobod District, Street 6','2025-04-17 06:08:48','2025-04-17 06:08:48'),(56,9,NULL,'School #7 - Yashnobod',2015,2017,1,50.2,0,5,4,NULL,NULL,1076,555,NULL,NULL,NULL,NULL,'inactive',NULL,NULL,NULL,NULL,NULL,NULL,NULL,NULL,NULL,NULL,NULL,NULL,'Yashnobod District, Street 7','2025-04-17 06:08:48','2025-04-17 06:08:48'),(57,9,NULL,'School #8 - Yashnobod',1994,2012,1,134.77,0,4,4,NULL,NULL,971,312,NULL,NULL,NULL,NULL,'active',NULL,NULL,NULL,NULL,NULL,NULL,NULL,NULL,NULL,NULL,NULL,NULL,'Yashnobod District, Street 8','2025-04-17 06:08:48','2025-04-17 06:08:48'),(58,10,NULL,'School #1 - Yunusobod',2015,2022,4,130.54,0,3,4,NULL,NULL,344,227,NULL,NULL,NULL,NULL,'active',NULL,NULL,NULL,NULL,NULL,NULL,NULL,NULL,NULL,NULL,NULL,NULL,'Yunusobod District, Street 1','2025-04-17 06:08:48','2025-04-17 06:08:48'),(59,10,NULL,'School #2 - Yunusobod',1959,2021,2,52.97,1,1,2,NULL,NULL,541,217,NULL,NULL,NULL,NULL,'active',NULL,NULL,NULL,NULL,NULL,NULL,NULL,NULL,NULL,NULL,NULL,NULL,'Yunusobod District, Street 2','2025-04-17 06:08:48','2025-04-17 06:08:48'),(60,10,NULL,'School #3 - Yunusobod',1969,2023,3,79.68,1,2,1,NULL,NULL,858,683,NULL,NULL,NULL,NULL,'active',NULL,NULL,NULL,NULL,NULL,NULL,NULL,NULL,NULL,NULL,NULL,NULL,'Yunusobod District, Street 3','2025-04-17 06:08:48','2025-04-17 06:08:48'),(61,10,NULL,'School #4 - Yunusobod',1971,2023,1,58.8,1,2,1,NULL,NULL,422,670,NULL,NULL,NULL,NULL,'active',NULL,NULL,NULL,NULL,NULL,NULL,NULL,NULL,NULL,NULL,NULL,NULL,'Yunusobod District, Street 4','2025-04-17 06:08:48','2025-04-17 06:08:48'),(62,10,NULL,'School #5 - Yunusobod',2015,2015,2,128.48,1,2,2,NULL,NULL,317,715,NULL,NULL,NULL,NULL,'active',NULL,NULL,NULL,NULL,NULL,NULL,NULL,NULL,NULL,NULL,NULL,NULL,'Yunusobod District, Street 5','2025-04-17 06:08:48','2025-04-17 06:08:48'),(63,10,NULL,'School #6 - Yunusobod',1991,2016,1,134.37,0,1,1,NULL,NULL,1102,848,NULL,NULL,NULL,NULL,'active',NULL,NULL,NULL,NULL,NULL,NULL,NULL,NULL,NULL,NULL,NULL,NULL,'Yunusobod District, Street 6','2025-04-17 06:08:48','2025-04-17 06:08:48'),(64,10,NULL,'School #7 - Yunusobod',1958,2013,3,97.71,1,2,1,NULL,NULL,352,792,NULL,NULL,NULL,NULL,'active',NULL,NULL,NULL,NULL,NULL,NULL,NULL,NULL,NULL,NULL,NULL,NULL,'Yunusobod District, Street 7','2025-04-17 06:08:48','2025-04-17 06:08:48'),(65,11,NULL,'School #1 - Yakkasaroy',1972,2013,1,115.81,0,2,1,NULL,NULL,948,684,NULL,NULL,NULL,NULL,'active',NULL,NULL,NULL,NULL,NULL,NULL,NULL,NULL,NULL,NULL,NULL,NULL,'Yakkasaroy District, Street 1','2025-04-17 06:08:48','2025-04-17 06:08:48'),(66,11,NULL,'School #2 - Yakkasaroy',1957,2024,1,147.15,0,4,4,NULL,NULL,1157,583,NULL,NULL,NULL,NULL,'inactive',NULL,NULL,NULL,NULL,NULL,NULL,NULL,NULL,NULL,NULL,NULL,NULL,'Yakkasaroy District, Street 2','2025-04-17 06:08:48','2025-04-17 06:08:48'),(67,11,NULL,'School #3 - Yakkasaroy',1975,2019,4,60.76,1,3,1,NULL,NULL,778,874,NULL,NULL,NULL,NULL,'inactive',NULL,NULL,NULL,NULL,NULL,NULL,NULL,NULL,NULL,NULL,NULL,NULL,'Yakkasaroy District, Street 3','2025-04-17 06:08:48','2025-04-17 06:08:48'),(68,11,NULL,'School #4 - Yakkasaroy',1995,2011,3,62.65,1,1,2,NULL,NULL,999,453,NULL,NULL,NULL,NULL,'active',NULL,NULL,NULL,NULL,NULL,NULL,NULL,NULL,NULL,NULL,NULL,NULL,'Yakkasaroy District, Street 4','2025-04-17 06:08:48','2025-04-17 06:08:48'),(69,12,NULL,'School #1 - Yangihayot',1950,2015,4,107.44,0,3,3,NULL,NULL,1139,972,NULL,NULL,NULL,NULL,'active',NULL,NULL,NULL,NULL,NULL,NULL,NULL,NULL,NULL,NULL,NULL,NULL,'Yangihayot District, Street 1','2025-04-17 06:08:48','2025-04-17 06:08:48'),(70,12,NULL,'School #2 - Yangihayot',1952,2011,4,139.37,1,3,3,NULL,NULL,1153,317,NULL,NULL,NULL,NULL,'active',NULL,NULL,NULL,NULL,NULL,NULL,NULL,NULL,NULL,NULL,NULL,NULL,'Yangihayot District, Street 2','2025-04-17 06:08:48','2025-04-17 06:08:48'),(71,12,NULL,'School #3 - Yangihayot',1981,2025,4,116.59,0,5,4,NULL,NULL,1109,389,NULL,NULL,NULL,NULL,'active',NULL,NULL,NULL,NULL,NULL,NULL,NULL,NULL,NULL,NULL,NULL,NULL,'Yangihayot District, Street 3','2025-04-17 06:08:48','2025-04-17 06:08:48'),(72,12,NULL,'School #4 - Yangihayot',1984,2018,4,84.78,0,2,3,NULL,NULL,737,950,NULL,NULL,NULL,NULL,'active',NULL,NULL,NULL,NULL,NULL,NULL,NULL,NULL,NULL,NULL,NULL,NULL,'Yangihayot District, Street 4','2025-04-17 06:08:48','2025-04-17 06:08:48'),(73,12,NULL,'School #5 - Yangihayot',2018,2015,4,140.15,0,4,4,NULL,NULL,710,806,NULL,NULL,NULL,NULL,'inactive',NULL,NULL,NULL,NULL,NULL,NULL,NULL,NULL,NULL,NULL,NULL,NULL,'Yangihayot District, Street 5','2025-04-17 06:08:48','2025-04-17 06:08:48'),(74,12,NULL,'School #6 - Yangihayot',1989,2014,3,144.89,0,5,3,NULL,NULL,1060,862,NULL,NULL,NULL,NULL,'active',NULL,NULL,NULL,NULL,NULL,NULL,NULL,NULL,NULL,NULL,NULL,NULL,'Yangihayot District, Street 6','2025-04-17 06:08:48','2025-04-17 06:08:48'),(75,12,NULL,'School #7 - Yangihayot',1987,2025,3,55.52,0,3,3,NULL,NULL,726,229,NULL,NULL,NULL,NULL,'active',NULL,NULL,NULL,NULL,NULL,NULL,NULL,NULL,NULL,NULL,NULL,NULL,'Yangihayot District, Street 7','2025-04-17 06:08:48','2025-04-17 06:08:48'),(76,12,NULL,'School #8 - Yangihayot',1978,2011,2,144.1,1,5,2,NULL,NULL,661,783,NULL,NULL,NULL,NULL,'inactive',NULL,NULL,NULL,NULL,NULL,NULL,NULL,NULL,NULL,NULL,NULL,NULL,'Yangihayot District, Street 8','2025-04-17 06:08:48','2025-04-17 06:08:48'),(77,2,212,'O‘zim toldirman',2000,NULL,NULL,NULL,0,NULL,NULL,NULL,NULL,NULL,NULL,NULL,NULL,NULL,NULL,NULL,NULL,NULL,NULL,NULL,NULL,NULL,NULL,NULL,NULL,0,NULL,0,NULL,'2025-04-17 06:10:37','2025-04-17 06:10:56'),(78,1,NULL,'School #1 - Bektemir',1981,2012,2,109.05,0,4,2,NULL,NULL,464,499,NULL,NULL,NULL,NULL,'active',NULL,NULL,NULL,NULL,NULL,NULL,NULL,NULL,NULL,NULL,NULL,NULL,'Bektemir District, Street 1','2025-04-17 12:34:38','2025-04-17 12:34:38'),(79,1,NULL,'School #2 - Bektemir',1987,2019,2,131.99,0,5,4,NULL,NULL,1144,662,NULL,NULL,NULL,NULL,'active',NULL,NULL,NULL,NULL,NULL,NULL,NULL,NULL,NULL,NULL,NULL,NULL,'Bektemir District, Street 2','2025-04-17 12:34:38','2025-04-17 12:34:38'),(80,1,NULL,'School #3 - Bektemir',1976,2021,3,146.46,0,5,2,NULL,NULL,497,821,NULL,NULL,NULL,NULL,'active',NULL,NULL,NULL,NULL,NULL,NULL,NULL,NULL,NULL,NULL,NULL,NULL,'Bektemir District, Street 3','2025-04-17 12:34:38','2025-04-17 12:34:38'),(81,2,NULL,'School #1 - Chilanzar',1989,2022,2,54.4,0,1,4,NULL,NULL,653,936,NULL,NULL,NULL,NULL,'inactive',NULL,NULL,NULL,NULL,NULL,NULL,NULL,NULL,NULL,NULL,NULL,NULL,'Chilanzar District, Street 1','2025-04-17 12:34:38','2025-04-17 12:34:38'),(82,2,NULL,'School #2 - Chilanzar',2020,2013,4,58.68,1,5,3,NULL,NULL,417,476,NULL,NULL,NULL,NULL,'active',NULL,NULL,NULL,NULL,NULL,NULL,NULL,NULL,NULL,NULL,NULL,NULL,'Chilanzar District, Street 2','2025-04-17 12:34:38','2025-04-17 12:34:38'),(83,2,NULL,'School #3 - Chilanzar',1997,2012,2,97.2,0,2,2,NULL,NULL,456,598,NULL,NULL,NULL,NULL,'inactive',NULL,NULL,NULL,NULL,NULL,NULL,NULL,NULL,NULL,NULL,NULL,NULL,'Chilanzar District, Street 3','2025-04-17 12:34:38','2025-04-17 12:34:38'),(84,3,NULL,'School #1 - Mirobod',1961,2022,1,86.71,1,4,2,NULL,NULL,601,513,NULL,NULL,NULL,NULL,'active',NULL,NULL,NULL,NULL,NULL,NULL,NULL,NULL,NULL,NULL,NULL,NULL,'Mirobod District, Street 1','2025-04-17 12:34:38','2025-04-17 12:34:38'),(85,3,NULL,'School #2 - Mirobod',2015,2024,4,56.81,0,4,2,NULL,NULL,783,432,NULL,NULL,NULL,NULL,'active',NULL,NULL,NULL,NULL,NULL,NULL,NULL,NULL,NULL,NULL,NULL,NULL,'Mirobod District, Street 2','2025-04-17 12:34:38','2025-04-17 12:34:38'),(86,3,NULL,'School #3 - Mirobod',1963,2016,1,89.66,0,4,4,NULL,NULL,1108,752,NULL,NULL,NULL,NULL,'active',NULL,NULL,NULL,NULL,NULL,NULL,NULL,NULL,NULL,NULL,NULL,NULL,'Mirobod District, Street 3','2025-04-17 12:34:38','2025-04-17 12:34:38'),(87,3,NULL,'School #4 - Mirobod',1964,2025,1,78.73,0,1,1,NULL,NULL,806,746,NULL,NULL,NULL,NULL,'active',NULL,NULL,NULL,NULL,NULL,NULL,NULL,NULL,NULL,NULL,NULL,NULL,'Mirobod District, Street 4','2025-04-17 12:34:38','2025-04-17 12:34:38'),(88,3,NULL,'School #5 - Mirobod',1984,2022,1,85.61,0,1,2,NULL,NULL,667,801,NULL,NULL,NULL,NULL,'active',NULL,NULL,NULL,NULL,NULL,NULL,NULL,NULL,NULL,NULL,NULL,NULL,'Mirobod District, Street 5','2025-04-17 12:34:38','2025-04-17 12:34:38'),(89,3,NULL,'School #6 - Mirobod',1954,2013,4,99.05,0,3,4,NULL,NULL,715,360,NULL,NULL,NULL,NULL,'active',NULL,NULL,NULL,NULL,NULL,NULL,NULL,NULL,NULL,NULL,NULL,NULL,'Mirobod District, Street 6','2025-04-17 12:34:38','2025-04-17 12:34:38'),(90,3,NULL,'School #7 - Mirobod',1976,2019,2,78.1,1,1,2,NULL,NULL,426,983,NULL,NULL,NULL,NULL,'inactive',NULL,NULL,NULL,NULL,NULL,NULL,NULL,NULL,NULL,NULL,NULL,NULL,'Mirobod District, Street 7','2025-04-17 12:34:38','2025-04-17 12:34:38'),(91,3,NULL,'School #8 - Mirobod',2001,2010,1,128.46,0,5,2,NULL,NULL,627,362,NULL,NULL,NULL,NULL,'active',NULL,NULL,NULL,NULL,NULL,NULL,NULL,NULL,NULL,NULL,NULL,NULL,'Mirobod District, Street 8','2025-04-17 12:34:38','2025-04-17 12:34:38'),(92,4,NULL,'School #1 - Mirzo Ulug\'bek',1951,2025,4,110.03,0,3,4,NULL,NULL,541,664,NULL,NULL,NULL,NULL,'active',NULL,NULL,NULL,NULL,NULL,NULL,NULL,NULL,NULL,NULL,NULL,NULL,'Mirzo Ulug\'bek District, Street 1','2025-04-17 12:34:38','2025-04-17 12:34:38'),(93,4,NULL,'School #2 - Mirzo Ulug\'bek',1953,2011,3,66.86,0,5,2,NULL,NULL,702,940,NULL,NULL,NULL,NULL,'active',NULL,NULL,NULL,NULL,NULL,NULL,NULL,NULL,NULL,NULL,NULL,NULL,'Mirzo Ulug\'bek District, Street 2','2025-04-17 12:34:38','2025-04-17 12:34:38'),(94,4,NULL,'School #3 - Mirzo Ulug\'bek',1980,2025,2,129.61,1,4,2,NULL,NULL,641,984,NULL,NULL,NULL,NULL,'active',NULL,NULL,NULL,NULL,NULL,NULL,NULL,NULL,NULL,NULL,NULL,NULL,'Mirzo Ulug\'bek District, Street 3','2025-04-17 12:34:38','2025-04-17 12:34:38'),(95,4,NULL,'School #4 - Mirzo Ulug\'bek',1979,2013,1,58.25,1,2,3,NULL,NULL,1100,226,NULL,NULL,NULL,NULL,'active',NULL,NULL,NULL,NULL,NULL,NULL,NULL,NULL,NULL,NULL,NULL,NULL,'Mirzo Ulug\'bek District, Street 4','2025-04-17 12:34:38','2025-04-17 12:34:38'),(96,4,NULL,'School #5 - Mirzo Ulug\'bek',1971,2023,3,59.5,1,3,3,NULL,NULL,470,404,NULL,NULL,NULL,NULL,'active',NULL,NULL,NULL,NULL,NULL,NULL,NULL,NULL,NULL,NULL,NULL,NULL,'Mirzo Ulug\'bek District, Street 5','2025-04-17 12:34:38','2025-04-17 12:34:38'),(97,5,NULL,'School #1 - Olmazor',1985,2023,2,107.78,1,3,4,NULL,NULL,639,921,NULL,NULL,NULL,NULL,'active',NULL,NULL,NULL,NULL,NULL,NULL,NULL,NULL,NULL,NULL,NULL,NULL,'Olmazor District, Street 1','2025-04-17 12:34:38','2025-04-17 12:34:38'),(98,5,NULL,'School #2 - Olmazor',1983,2014,3,122.85,0,3,3,NULL,NULL,810,600,NULL,NULL,NULL,NULL,'inactive',NULL,NULL,NULL,NULL,NULL,NULL,NULL,NULL,NULL,NULL,NULL,NULL,'Olmazor District, Street 2','2025-04-17 12:34:38','2025-04-17 12:34:38'),(99,5,NULL,'School #3 - Olmazor',2008,2019,1,111.82,1,2,3,NULL,NULL,981,750,NULL,NULL,NULL,NULL,'active',NULL,NULL,NULL,NULL,NULL,NULL,NULL,NULL,NULL,NULL,NULL,NULL,'Olmazor District, Street 3','2025-04-17 12:34:38','2025-04-17 12:34:38'),(100,5,NULL,'School #4 - Olmazor',1997,2014,1,137.93,0,1,1,NULL,NULL,403,601,NULL,NULL,NULL,NULL,'inactive',NULL,NULL,NULL,NULL,NULL,NULL,NULL,NULL,NULL,NULL,NULL,NULL,'Olmazor District, Street 4','2025-04-17 12:34:38','2025-04-17 12:34:38'),(101,5,NULL,'School #5 - Olmazor',1964,2024,1,137.91,0,4,3,NULL,NULL,707,903,NULL,NULL,NULL,NULL,'active',NULL,NULL,NULL,NULL,NULL,NULL,NULL,NULL,NULL,NULL,NULL,NULL,'Olmazor District, Street 5','2025-04-17 12:34:38','2025-04-17 12:34:38'),(102,5,NULL,'School #6 - Olmazor',1975,2021,3,113.19,1,2,1,NULL,NULL,478,431,NULL,NULL,NULL,NULL,'inactive',NULL,NULL,NULL,NULL,NULL,NULL,NULL,NULL,NULL,NULL,NULL,NULL,'Olmazor District, Street 6','2025-04-17 12:34:38','2025-04-17 12:34:38'),(103,5,NULL,'School #7 - Olmazor',1981,2015,4,134.13,1,5,2,NULL,NULL,642,961,NULL,NULL,NULL,NULL,'active',NULL,NULL,NULL,NULL,NULL,NULL,NULL,NULL,NULL,NULL,NULL,NULL,'Olmazor District, Street 7','2025-04-17 12:34:38','2025-04-17 12:34:38'),(104,6,NULL,'School #1 - Sergeli',1991,2017,4,118.09,1,1,3,NULL,NULL,935,927,NULL,NULL,NULL,NULL,'active',NULL,NULL,NULL,NULL,NULL,NULL,NULL,NULL,NULL,NULL,NULL,NULL,'Sergeli District, Street 1','2025-04-17 12:34:38','2025-04-17 12:34:38'),(105,6,NULL,'School #2 - Sergeli',1984,2025,1,111.28,1,2,4,NULL,NULL,810,570,NULL,NULL,NULL,NULL,'active',NULL,NULL,NULL,NULL,NULL,NULL,NULL,NULL,NULL,NULL,NULL,NULL,'Sergeli District, Street 2','2025-04-17 12:34:38','2025-04-17 12:34:38'),(106,6,NULL,'School #3 - Sergeli',1961,2020,4,81.42,0,2,3,NULL,NULL,1136,225,NULL,NULL,NULL,NULL,'active',NULL,NULL,NULL,NULL,NULL,NULL,NULL,NULL,NULL,NULL,NULL,NULL,'Sergeli District, Street 3','2025-04-17 12:34:38','2025-04-17 12:34:38'),(107,6,NULL,'School #4 - Sergeli',1953,2017,3,90.64,0,4,3,NULL,NULL,331,963,NULL,NULL,NULL,NULL,'active',NULL,NULL,NULL,NULL,NULL,NULL,NULL,NULL,NULL,NULL,NULL,NULL,'Sergeli District, Street 4','2025-04-17 12:34:38','2025-04-17 12:34:38'),(108,6,NULL,'School #5 - Sergeli',2005,2025,2,107.19,1,2,4,NULL,NULL,1137,914,NULL,NULL,NULL,NULL,'inactive',NULL,NULL,NULL,NULL,NULL,NULL,NULL,NULL,NULL,NULL,NULL,NULL,'Sergeli District, Street 5','2025-04-17 12:34:38','2025-04-17 12:34:38'),(109,6,NULL,'School #6 - Sergeli',1975,2018,1,108.97,0,1,4,NULL,NULL,761,888,NULL,NULL,NULL,NULL,'inactive',NULL,NULL,NULL,NULL,NULL,NULL,NULL,NULL,NULL,NULL,NULL,NULL,'Sergeli District, Street 6','2025-04-17 12:34:38','2025-04-17 12:34:38'),(110,6,NULL,'School #7 - Sergeli',1990,2010,1,130.9,1,2,1,NULL,NULL,634,403,NULL,NULL,NULL,NULL,'active',NULL,NULL,NULL,NULL,NULL,NULL,NULL,NULL,NULL,NULL,NULL,NULL,'Sergeli District, Street 7','2025-04-17 12:34:38','2025-04-17 12:34:38'),(111,6,NULL,'School #8 - Sergeli',1979,2018,3,99.75,0,5,1,NULL,NULL,613,523,NULL,NULL,NULL,NULL,'active',NULL,NULL,NULL,NULL,NULL,NULL,NULL,NULL,NULL,NULL,NULL,NULL,'Sergeli District, Street 8','2025-04-17 12:34:38','2025-04-17 12:34:38'),(112,7,NULL,'School #1 - Shayxontohur',1955,2014,4,119.17,0,1,3,NULL,NULL,445,389,NULL,NULL,NULL,NULL,'inactive',NULL,NULL,NULL,NULL,NULL,NULL,NULL,NULL,NULL,NULL,NULL,NULL,'Shayxontohur District, Street 1','2025-04-17 12:34:38','2025-04-17 12:34:38'),(113,7,NULL,'School #2 - Shayxontohur',1980,2016,1,70.13,0,4,1,NULL,NULL,915,209,NULL,NULL,NULL,NULL,'active',NULL,NULL,NULL,NULL,NULL,NULL,NULL,NULL,NULL,NULL,NULL,NULL,'Shayxontohur District, Street 2','2025-04-17 12:34:38','2025-04-17 12:34:38'),(114,7,NULL,'School #3 - Shayxontohur',2006,2018,1,60.06,0,5,1,NULL,NULL,1019,685,NULL,NULL,NULL,NULL,'active',NULL,NULL,NULL,NULL,NULL,NULL,NULL,NULL,NULL,NULL,NULL,NULL,'Shayxontohur District, Street 3','2025-04-17 12:34:38','2025-04-17 12:34:38'),(115,7,NULL,'School #4 - Shayxontohur',1952,2021,4,84.33,1,4,2,NULL,NULL,674,489,NULL,NULL,NULL,NULL,'active',NULL,NULL,NULL,NULL,NULL,NULL,NULL,NULL,NULL,NULL,NULL,NULL,'Shayxontohur District, Street 4','2025-04-17 12:34:38','2025-04-17 12:34:38'),(116,7,NULL,'School #5 - Shayxontohur',1963,2013,2,107.96,0,4,3,NULL,NULL,1054,616,NULL,NULL,NULL,NULL,'active',NULL,NULL,NULL,NULL,NULL,NULL,NULL,NULL,NULL,NULL,NULL,NULL,'Shayxontohur District, Street 5','2025-04-17 12:34:38','2025-04-17 12:34:38'),(117,7,NULL,'School #6 - Shayxontohur',1995,2013,4,113.56,0,5,3,NULL,NULL,1129,247,NULL,NULL,NULL,NULL,'active',NULL,NULL,NULL,NULL,NULL,NULL,NULL,NULL,NULL,NULL,NULL,NULL,'Shayxontohur District, Street 6','2025-04-17 12:34:38','2025-04-17 12:34:38'),(118,7,NULL,'School #7 - Shayxontohur',2010,2024,3,64.6,1,5,3,NULL,NULL,900,983,NULL,NULL,NULL,NULL,'active',NULL,NULL,NULL,NULL,NULL,NULL,NULL,NULL,NULL,NULL,NULL,NULL,'Shayxontohur District, Street 7','2025-04-17 12:34:38','2025-04-17 12:34:38'),(119,8,NULL,'School #1 - Uchtepa',1965,2011,4,132.31,0,2,1,NULL,NULL,973,264,NULL,NULL,NULL,NULL,'inactive',NULL,NULL,NULL,NULL,NULL,NULL,NULL,NULL,NULL,NULL,NULL,NULL,'Uchtepa District, Street 1','2025-04-17 12:34:38','2025-04-17 12:34:38'),(120,8,NULL,'School #2 - Uchtepa',1986,2015,1,51.72,1,1,1,NULL,NULL,477,994,NULL,NULL,NULL,NULL,'active',NULL,NULL,NULL,NULL,NULL,NULL,NULL,NULL,NULL,NULL,NULL,NULL,'Uchtepa District, Street 2','2025-04-17 12:34:38','2025-04-17 12:34:38'),(121,8,NULL,'School #3 - Uchtepa',1996,2021,2,76.38,1,4,3,NULL,NULL,1019,605,NULL,NULL,NULL,NULL,'active',NULL,NULL,NULL,NULL,NULL,NULL,NULL,NULL,NULL,NULL,NULL,NULL,'Uchtepa District, Street 3','2025-04-17 12:34:38','2025-04-17 12:34:38'),(122,9,NULL,'School #1 - Yashnobod',1981,2012,4,110.97,0,4,3,NULL,NULL,519,363,NULL,NULL,NULL,NULL,'active',NULL,NULL,NULL,NULL,NULL,NULL,NULL,NULL,NULL,NULL,NULL,NULL,'Yashnobod District, Street 1','2025-04-17 12:34:38','2025-04-17 12:34:38'),(123,9,NULL,'School #2 - Yashnobod',1990,2020,1,144.17,1,2,3,NULL,NULL,777,547,NULL,NULL,NULL,NULL,'active',NULL,NULL,NULL,NULL,NULL,NULL,NULL,NULL,NULL,NULL,NULL,NULL,'Yashnobod District, Street 2','2025-04-17 12:34:38','2025-04-17 12:34:38'),(124,9,NULL,'School #3 - Yashnobod',1955,2024,4,59.83,1,3,3,NULL,NULL,868,976,NULL,NULL,NULL,NULL,'active',NULL,NULL,NULL,NULL,NULL,NULL,NULL,NULL,NULL,NULL,NULL,NULL,'Yashnobod District, Street 3','2025-04-17 12:34:38','2025-04-17 12:34:38'),(125,9,NULL,'School #4 - Yashnobod',1995,2019,3,57.11,0,3,1,NULL,NULL,815,814,NULL,NULL,NULL,NULL,'active',NULL,NULL,NULL,NULL,NULL,NULL,NULL,NULL,NULL,NULL,NULL,NULL,'Yashnobod District, Street 4','2025-04-17 12:34:38','2025-04-17 12:34:38'),(126,9,NULL,'School #5 - Yashnobod',2010,2019,3,137.94,1,5,2,NULL,NULL,1085,390,NULL,NULL,NULL,NULL,'active',NULL,NULL,NULL,NULL,NULL,NULL,NULL,NULL,NULL,NULL,NULL,NULL,'Yashnobod District, Street 5','2025-04-17 12:34:38','2025-04-17 12:34:38'),(127,10,NULL,'School #1 - Yunusobod',1962,2024,3,88.33,1,2,2,NULL,NULL,1066,978,NULL,NULL,NULL,NULL,'active',NULL,NULL,NULL,NULL,NULL,NULL,NULL,NULL,NULL,NULL,NULL,NULL,'Yunusobod District, Street 1','2025-04-17 12:34:38','2025-04-17 12:34:38'),(128,10,NULL,'School #2 - Yunusobod',1973,2020,2,80.8,0,3,1,NULL,NULL,885,632,NULL,NULL,NULL,NULL,'active',NULL,NULL,NULL,NULL,NULL,NULL,NULL,NULL,NULL,NULL,NULL,NULL,'Yunusobod District, Street 2','2025-04-17 12:34:38','2025-04-17 12:34:38'),(129,10,NULL,'School #3 - Yunusobod',2016,2020,2,81.14,1,1,2,NULL,NULL,487,879,NULL,NULL,NULL,NULL,'inactive',NULL,NULL,NULL,NULL,NULL,NULL,NULL,NULL,NULL,NULL,NULL,NULL,'Yunusobod District, Street 3','2025-04-17 12:34:38','2025-04-17 12:34:38'),(130,10,NULL,'School #4 - Yunusobod',1969,2022,2,120.59,1,3,4,NULL,NULL,448,551,NULL,NULL,NULL,NULL,'active',NULL,NULL,NULL,NULL,NULL,NULL,NULL,NULL,NULL,NULL,NULL,NULL,'Yunusobod District, Street 4','2025-04-17 12:34:38','2025-04-17 12:34:38'),(131,10,NULL,'School #5 - Yunusobod',1984,2015,2,129.71,0,1,2,NULL,NULL,947,699,NULL,NULL,NULL,NULL,'active',NULL,NULL,NULL,NULL,NULL,NULL,NULL,NULL,NULL,NULL,NULL,NULL,'Yunusobod District, Street 5','2025-04-17 12:34:38','2025-04-17 12:34:38'),(132,10,NULL,'School #6 - Yunusobod',2016,2022,2,62.66,1,2,4,NULL,NULL,1095,697,NULL,NULL,NULL,NULL,'inactive',NULL,NULL,NULL,NULL,NULL,NULL,NULL,NULL,NULL,NULL,NULL,NULL,'Yunusobod District, Street 6','2025-04-17 12:34:38','2025-04-17 12:34:38'),(133,11,NULL,'School #1 - Yakkasaroy',1951,2014,2,87.38,1,4,4,NULL,NULL,693,753,NULL,NULL,NULL,NULL,'active',NULL,NULL,NULL,NULL,NULL,NULL,NULL,NULL,NULL,NULL,NULL,NULL,'Yakkasaroy District, Street 1','2025-04-17 12:34:38','2025-04-17 12:34:38'),(134,11,NULL,'School #2 - Yakkasaroy',1999,2015,1,134.34,0,1,4,NULL,NULL,525,293,NULL,NULL,NULL,NULL,'active',NULL,NULL,NULL,NULL,NULL,NULL,NULL,NULL,NULL,NULL,NULL,NULL,'Yakkasaroy District, Street 2','2025-04-17 12:34:38','2025-04-17 12:34:38'),(135,11,NULL,'School #3 - Yakkasaroy',1963,2016,3,89.23,1,4,2,NULL,NULL,1199,617,NULL,NULL,NULL,NULL,'inactive',NULL,NULL,NULL,NULL,NULL,NULL,NULL,NULL,NULL,NULL,NULL,NULL,'Yakkasaroy District, Street 3','2025-04-17 12:34:38','2025-04-17 12:34:38'),(136,11,NULL,'School #4 - Yakkasaroy',2012,2021,3,96.07,1,1,4,NULL,NULL,764,990,NULL,NULL,NULL,NULL,'active',NULL,NULL,NULL,NULL,NULL,NULL,NULL,NULL,NULL,NULL,NULL,NULL,'Yakkasaroy District, Street 4','2025-04-17 12:34:38','2025-04-17 12:34:38'),(137,12,NULL,'School #1 - Yangihayot',2013,2018,4,136.14,1,4,4,NULL,NULL,785,208,NULL,NULL,NULL,NULL,'active',NULL,NULL,NULL,NULL,NULL,NULL,NULL,NULL,NULL,NULL,NULL,NULL,'Yangihayot District, Street 1','2025-04-17 12:34:38','2025-04-17 12:34:38'),(138,12,NULL,'School #2 - Yangihayot',1993,2017,1,107.26,1,1,2,NULL,NULL,705,821,NULL,NULL,NULL,NULL,'active',NULL,NULL,NULL,NULL,NULL,NULL,NULL,NULL,NULL,NULL,NULL,NULL,'Yangihayot District, Street 2','2025-04-17 12:34:38','2025-04-17 12:34:38'),(139,12,NULL,'School #3 - Yangihayot',2013,2013,4,114.6,0,2,4,NULL,NULL,533,536,NULL,NULL,NULL,NULL,'active',NULL,NULL,NULL,NULL,NULL,NULL,NULL,NULL,NULL,NULL,NULL,NULL,'Yangihayot District, Street 3','2025-04-17 12:34:38','2025-04-17 12:34:38'),(140,12,NULL,'School #4 - Yangihayot',1981,2012,4,94.08,1,5,1,NULL,NULL,561,466,NULL,NULL,NULL,NULL,'active',NULL,NULL,NULL,NULL,NULL,NULL,NULL,NULL,NULL,NULL,NULL,NULL,'Yangihayot District, Street 4','2025-04-17 12:34:38','2025-04-17 12:34:38'),(141,12,NULL,'School #5 - Yangihayot',1961,2011,3,70.64,0,4,2,NULL,NULL,620,791,NULL,NULL,NULL,NULL,'inactive',NULL,NULL,NULL,NULL,NULL,NULL,NULL,NULL,NULL,NULL,NULL,NULL,'Yangihayot District, Street 5','2025-04-17 12:34:38','2025-04-17 12:34:38'),(142,12,NULL,'School #6 - Yangihayot',1961,2017,4,71.25,1,1,4,NULL,NULL,895,754,NULL,NULL,NULL,NULL,'inactive',NULL,NULL,NULL,NULL,NULL,NULL,NULL,NULL,NULL,NULL,NULL,NULL,'Yangihayot District, Street 6','2025-04-17 12:34:38','2025-04-17 12:34:38'),(143,12,NULL,'School #7 - Yangihayot',2002,2025,1,130,1,1,2,NULL,NULL,1048,324,NULL,NULL,NULL,NULL,'active',NULL,NULL,NULL,NULL,NULL,NULL,NULL,NULL,NULL,NULL,NULL,NULL,'Yangihayot District, Street 7','2025-04-17 12:34:38','2025-04-17 12:34:38'),(144,12,NULL,'School #8 - Yangihayot',1985,2020,1,136.63,1,4,4,NULL,NULL,810,743,NULL,NULL,NULL,NULL,'active',NULL,NULL,NULL,NULL,NULL,NULL,NULL,NULL,NULL,NULL,NULL,NULL,'Yangihayot District, Street 8','2025-04-17 12:34:38','2025-04-17 12:34:38');
/*!40000 ALTER TABLE `added` ENABLE KEYS */;
UNLOCK TABLES;

--
-- Table structure for table `cache`
--

DROP TABLE IF EXISTS `cache`;
/*!40101 SET @saved_cs_client     = @@character_set_client */;
/*!50503 SET character_set_client = utf8mb4 */;
CREATE TABLE `cache` (
  `key` varchar(255) COLLATE utf8mb4_unicode_ci NOT NULL,
  `value` mediumtext COLLATE utf8mb4_unicode_ci NOT NULL,
  `expiration` int NOT NULL,
  PRIMARY KEY (`key`)
) ENGINE=InnoDB DEFAULT CHARSET=utf8mb4 COLLATE=utf8mb4_unicode_ci;
/*!40101 SET character_set_client = @saved_cs_client */;

--
-- Dumping data for table `cache`
--

LOCK TABLES `cache` WRITE;
/*!40000 ALTER TABLE `cache` DISABLE KEYS */;
/*!40000 ALTER TABLE `cache` ENABLE KEYS */;
UNLOCK TABLES;

--
-- Table structure for table `cache_locks`
--

DROP TABLE IF EXISTS `cache_locks`;
/*!40101 SET @saved_cs_client     = @@character_set_client */;
/*!50503 SET character_set_client = utf8mb4 */;
CREATE TABLE `cache_locks` (
  `key` varchar(255) COLLATE utf8mb4_unicode_ci NOT NULL,
  `owner` varchar(255) COLLATE utf8mb4_unicode_ci NOT NULL,
  `expiration` int NOT NULL,
  PRIMARY KEY (`key`)
) ENGINE=InnoDB DEFAULT CHARSET=utf8mb4 COLLATE=utf8mb4_unicode_ci;
/*!40101 SET character_set_client = @saved_cs_client */;

--
-- Dumping data for table `cache_locks`
--

LOCK TABLES `cache_locks` WRITE;
/*!40000 ALTER TABLE `cache_locks` DISABLE KEYS */;
/*!40000 ALTER TABLE `cache_locks` ENABLE KEYS */;
UNLOCK TABLES;

--
-- Table structure for table `districts`
--

DROP TABLE IF EXISTS `districts`;
/*!40101 SET @saved_cs_client     = @@character_set_client */;
/*!50503 SET character_set_client = utf8mb4 */;
CREATE TABLE `districts` (
  `id` bigint unsigned NOT NULL AUTO_INCREMENT,
  `name` varchar(255) COLLATE utf8mb4_unicode_ci NOT NULL,
  `region` varchar(255) COLLATE utf8mb4_unicode_ci NOT NULL DEFAULT 'Tashkent',
  `status` tinyint(1) NOT NULL DEFAULT '1',
  `created_at` timestamp NULL DEFAULT NULL,
  `updated_at` timestamp NULL DEFAULT NULL,
  PRIMARY KEY (`id`)
) ENGINE=InnoDB AUTO_INCREMENT=14 DEFAULT CHARSET=utf8mb4 COLLATE=utf8mb4_unicode_ci;
/*!40101 SET character_set_client = @saved_cs_client */;

--
-- Dumping data for table `districts`
--

LOCK TABLES `districts` WRITE;
/*!40000 ALTER TABLE `districts` DISABLE KEYS */;
INSERT INTO `districts` VALUES (1,'Bektemir','Tashkent',1,'2025-04-17 12:34:38','2025-04-17 12:34:38'),(2,'Chilanzar','Tashkent',1,'2025-04-17 12:34:38','2025-04-17 12:34:38'),(3,'Mirobod','Tashkent',1,'2025-04-17 12:34:38','2025-04-17 12:34:38'),(4,'Mirzo Ulug\'bek','Tashkent',1,'2025-04-17 12:34:38','2025-04-17 12:34:38'),(5,'Olmazor','Tashkent',1,'2025-04-17 12:34:38','2025-04-17 12:34:38'),(6,'Sergeli','Tashkent',1,'2025-04-17 12:34:38','2025-04-17 12:34:38'),(7,'Shayxontohur','Tashkent',1,'2025-04-17 12:34:38','2025-04-17 12:34:38'),(8,'Uchtepa','Tashkent',1,'2025-04-17 12:34:38','2025-04-17 12:34:38'),(9,'Yashnobod','Tashkent',1,'2025-04-17 12:34:38','2025-04-17 12:34:38'),(10,'Yunusobod','Tashkent',1,'2025-04-17 12:34:38','2025-04-17 12:34:38'),(11,'Yakkasaroy','Tashkent',1,'2025-04-17 12:34:38','2025-04-17 12:34:38'),(12,'Yangihayot','Tashkent',1,'2025-04-17 12:34:38','2025-04-17 12:34:38'),(13,'Test District (Inactive)','Tashkent',0,'2025-04-17 12:34:38','2025-04-17 12:34:38');
/*!40000 ALTER TABLE `districts` ENABLE KEYS */;
UNLOCK TABLES;

--
-- Table structure for table `failed_jobs`
--

DROP TABLE IF EXISTS `failed_jobs`;
/*!40101 SET @saved_cs_client     = @@character_set_client */;
/*!50503 SET character_set_client = utf8mb4 */;
CREATE TABLE `failed_jobs` (
  `id` bigint unsigned NOT NULL AUTO_INCREMENT,
  `uuid` varchar(255) COLLATE utf8mb4_unicode_ci NOT NULL,
  `connection` text COLLATE utf8mb4_unicode_ci NOT NULL,
  `queue` text COLLATE utf8mb4_unicode_ci NOT NULL,
  `payload` longtext COLLATE utf8mb4_unicode_ci NOT NULL,
  `exception` longtext COLLATE utf8mb4_unicode_ci NOT NULL,
  `failed_at` timestamp NOT NULL DEFAULT CURRENT_TIMESTAMP,
  PRIMARY KEY (`id`),
  UNIQUE KEY `failed_jobs_uuid_unique` (`uuid`)
) ENGINE=InnoDB DEFAULT CHARSET=utf8mb4 COLLATE=utf8mb4_unicode_ci;
/*!40101 SET character_set_client = @saved_cs_client */;

--
-- Dumping data for table `failed_jobs`
--

LOCK TABLES `failed_jobs` WRITE;
/*!40000 ALTER TABLE `failed_jobs` DISABLE KEYS */;
/*!40000 ALTER TABLE `failed_jobs` ENABLE KEYS */;
UNLOCK TABLES;

--
-- Table structure for table `job_batches`
--

DROP TABLE IF EXISTS `job_batches`;
/*!40101 SET @saved_cs_client     = @@character_set_client */;
/*!50503 SET character_set_client = utf8mb4 */;
CREATE TABLE `job_batches` (
  `id` varchar(255) COLLATE utf8mb4_unicode_ci NOT NULL,
  `name` varchar(255) COLLATE utf8mb4_unicode_ci NOT NULL,
  `total_jobs` int NOT NULL,
  `pending_jobs` int NOT NULL,
  `failed_jobs` int NOT NULL,
  `failed_job_ids` longtext COLLATE utf8mb4_unicode_ci NOT NULL,
  `options` mediumtext COLLATE utf8mb4_unicode_ci,
  `cancelled_at` int DEFAULT NULL,
  `created_at` int NOT NULL,
  `finished_at` int DEFAULT NULL,
  PRIMARY KEY (`id`)
) ENGINE=InnoDB DEFAULT CHARSET=utf8mb4 COLLATE=utf8mb4_unicode_ci;
/*!40101 SET character_set_client = @saved_cs_client */;

--
-- Dumping data for table `job_batches`
--

LOCK TABLES `job_batches` WRITE;
/*!40000 ALTER TABLE `job_batches` DISABLE KEYS */;
/*!40000 ALTER TABLE `job_batches` ENABLE KEYS */;
UNLOCK TABLES;

--
-- Table structure for table `jobs`
--

DROP TABLE IF EXISTS `jobs`;
/*!40101 SET @saved_cs_client     = @@character_set_client */;
/*!50503 SET character_set_client = utf8mb4 */;
CREATE TABLE `jobs` (
  `id` bigint unsigned NOT NULL AUTO_INCREMENT,
  `queue` varchar(255) COLLATE utf8mb4_unicode_ci NOT NULL,
  `payload` longtext COLLATE utf8mb4_unicode_ci NOT NULL,
  `attempts` tinyint unsigned NOT NULL,
  `reserved_at` int unsigned DEFAULT NULL,
  `available_at` int unsigned NOT NULL,
  `created_at` int unsigned NOT NULL,
  PRIMARY KEY (`id`),
  KEY `jobs_queue_index` (`queue`)
) ENGINE=InnoDB DEFAULT CHARSET=utf8mb4 COLLATE=utf8mb4_unicode_ci;
/*!40101 SET character_set_client = @saved_cs_client */;

--
-- Dumping data for table `jobs`
--

LOCK TABLES `jobs` WRITE;
/*!40000 ALTER TABLE `jobs` DISABLE KEYS */;
/*!40000 ALTER TABLE `jobs` ENABLE KEYS */;
UNLOCK TABLES;

--
-- Table structure for table `kindergartens`
--

DROP TABLE IF EXISTS `kindergartens`;
/*!40101 SET @saved_cs_client     = @@character_set_client */;
/*!50503 SET character_set_client = utf8mb4 */;
CREATE TABLE `kindergartens` (
  `id` bigint unsigned NOT NULL AUTO_INCREMENT,
  `district_id` bigint unsigned DEFAULT NULL,
  `mfy` varchar(255) COLLATE utf8mb4_unicode_ci NOT NULL,
  `qurilgan_yili` int NOT NULL,
  `songi_tamir_yili` int DEFAULT NULL,
  `sektor_raqami` int DEFAULT NULL,
  `yer_maydoni` decimal(10,2) DEFAULT NULL,
  `xudud_oralganligi` tinyint(1) DEFAULT NULL,
  `binolar_soni` int DEFAULT NULL,
  `binolar_qavatligi` int DEFAULT NULL,
  `binolar_maydoni` decimal(10,2) DEFAULT NULL,
  `istilidigan_maydon` decimal(10,2) DEFAULT NULL,
  `quvvati` int DEFAULT NULL,
  `oquvchi_soni` int DEFAULT NULL,
  `koffsiyent` decimal(8,2) DEFAULT NULL,
  `oshxona_yoki_bufet_quvvati` varchar(255) COLLATE utf8mb4_unicode_ci DEFAULT NULL,
  `sport_zal_soni_va_maydoni` varchar(255) COLLATE utf8mb4_unicode_ci DEFAULT NULL,
  `faollar_zali_va_quvvati` varchar(255) COLLATE utf8mb4_unicode_ci DEFAULT NULL,
  `xolati` varchar(255) COLLATE utf8mb4_unicode_ci DEFAULT NULL,
  `tom_xolati_yuzda` decimal(5,2) DEFAULT NULL,
  `deraza_rom_xolati_yuzda` decimal(5,2) DEFAULT NULL,
  `istish_turi` varchar(255) COLLATE utf8mb4_unicode_ci DEFAULT NULL,
  `qozonlar_soni` int DEFAULT NULL,
  `qozonlar_xolati_yuzda` decimal(5,2) DEFAULT NULL,
  `apoklar_xolati_yuzda` decimal(5,2) DEFAULT NULL,
  `gaz_istemoli` decimal(10,2) DEFAULT NULL,
  `elektr_istemoli` decimal(10,2) DEFAULT NULL,
  `issiqlik_istemoli` decimal(10,2) DEFAULT NULL,
  `quyosh_paneli` tinyint(1) DEFAULT NULL,
  `geokollektor` tinyint(1) DEFAULT NULL,
  `lokatsiya` varchar(255) COLLATE utf8mb4_unicode_ci DEFAULT NULL,
  `boqcha_rasmlari` varchar(255) COLLATE utf8mb4_unicode_ci DEFAULT NULL,
  `created_at` timestamp NULL DEFAULT NULL,
  `updated_at` timestamp NULL DEFAULT NULL,
  PRIMARY KEY (`id`),
  KEY `kindergartens_district_id_foreign` (`district_id`),
  CONSTRAINT `kindergartens_district_id_foreign` FOREIGN KEY (`district_id`) REFERENCES `districts` (`id`) ON DELETE SET NULL
) ENGINE=InnoDB AUTO_INCREMENT=21 DEFAULT CHARSET=utf8mb4 COLLATE=utf8mb4_unicode_ci;
/*!40101 SET character_set_client = @saved_cs_client */;

--
-- Dumping data for table `kindergartens`
--

LOCK TABLES `kindergartens` WRITE;
/*!40000 ALTER TABLE `kindergartens` DISABLE KEYS */;
INSERT INTO `kindergartens` VALUES (2,2,'Littel Loaf',2023,2017,1,4886.45,0,5,2,1151.04,1174.54,164,23,1.27,'oshxona','1 ta / 150 m²','1 ta / 100 kishilik','Yomon',87.00,97.00,'Elektr',3,94.00,81.00,320.42,382.71,642.53,0,1,'411 Jerde CoveVitastad, SD 63240-6467','kindergartens/1744923859_onebanner.png','2025-04-17 12:41:24','2025-04-17 16:04:19'),(3,3,'Prosacco Squares',2014,NULL,3,1630.93,1,3,1,1400.86,1902.13,231,56,0.72,'bufet','1 ta / 150 m²','1 ta / 100 kishilik','Yaxshi',72.00,72.00,'Qozonxona',2,78.00,90.00,651.14,445.78,445.25,1,0,'6954 Murphy Fork\nNoeliaview, CT 43028',NULL,'2025-04-17 12:41:24','2025-04-17 12:41:24'),(4,4,'Gislason Hill',1988,NULL,2,1613.82,0,1,2,456.32,771.53,183,120,1.56,'oshxona','1 ta / 150 m²','1 ta / 100 kishilik','Qoniqarli',68.00,74.00,'Qozonxona',2,67.00,96.00,185.02,445.12,599.62,0,0,'76823 Mueller Causeway Suite 222\nEmeryland, NV 51827',NULL,'2025-04-17 12:41:24','2025-04-17 12:41:24'),(5,5,'Yadira Ways',1997,1983,4,2440.34,1,3,2,1548.11,629.40,205,69,0.68,'bufet','1 ta / 150 m²','1 ta / 100 kishilik','Yomon',100.00,63.00,'Elektr',3,82.00,98.00,367.53,905.76,277.69,1,1,'282 Balistreri Valley\nNorth Ernestoborough, FL 63340-7177',NULL,'2025-04-17 12:41:24','2025-04-17 12:41:24'),(6,6,'Gabe Mission',1984,2004,1,4898.14,0,2,3,1628.63,803.18,221,254,0.93,'oshxona','1 ta / 150 m²','1 ta / 100 kishilik','Qoniqarli',78.00,56.00,'Qozonxona',3,65.00,100.00,917.66,636.64,747.06,1,0,'18497 Major Roads Suite 085\nRohanfurt, RI 77747',NULL,'2025-04-17 12:41:24','2025-04-17 12:41:24'),(7,7,'Klein Groves',1997,NULL,3,896.04,0,4,2,2853.96,1065.21,103,25,1.54,'oshxona','1 ta / 150 m²','1 ta / 100 kishilik','Yaxshi',77.00,50.00,'Elektr',2,67.00,60.00,850.59,370.86,427.63,1,0,'52185 Von Union\nLangoshbury, NM 05842-1617',NULL,'2025-04-17 12:41:24','2025-04-17 12:41:24'),(8,8,'Burnice Rapids',1991,2005,1,4640.35,1,2,3,1003.57,1715.81,125,279,1.85,'bufet','1 ta / 150 m²','1 ta / 100 kishilik','Qoniqarli',55.00,58.00,'Elektr',2,63.00,79.00,574.08,522.92,299.34,0,1,'239 Rick Cape Suite 569\nNorth Mckennashire, FL 72076-5338',NULL,'2025-04-17 12:41:24','2025-04-17 12:41:24'),(9,9,'Rutherford Freeway',2013,2001,3,2260.36,1,4,3,2935.96,253.98,263,40,0.60,'oshxona','1 ta / 150 m²','1 ta / 100 kishilik','Yomon',63.00,52.00,'Qozonxona',2,67.00,94.00,858.08,167.39,324.46,1,0,'571 Jakubowski Square\nSouth Alicia, KS 61604',NULL,'2025-04-17 12:41:24','2025-04-17 12:41:24'),(10,4,'Mckenna Run',2013,1989,1,4850.81,1,5,1,861.88,1485.44,256,48,0.79,'oshxona','1 ta / 150 m²','1 ta / 100 kishilik','Yomon',99.00,58.00,'Elektr',3,77.00,76.00,478.89,121.23,164.35,0,0,'97211 Afton Ville Suite 213\nLake Dolores, HI 53903',NULL,'2025-04-17 12:41:24','2025-04-17 12:41:24'),(11,12,'Lillie Streets',1999,NULL,4,2351.45,0,1,2,2302.31,547.30,100,129,1.47,'bufet','1 ta / 150 m²','1 ta / 100 kishilik','Yaxshi',77.00,99.00,'Markaziy',3,79.00,81.00,501.86,375.66,704.05,1,0,'7817 Wilkinson Crest\nStanfordland, FL 19296-1200',NULL,'2025-04-17 12:41:24','2025-04-17 12:41:24'),(12,11,'Nitzsche Rue',2015,1989,1,3265.68,1,2,3,2517.04,695.59,136,99,0.91,'bufet','1 ta / 150 m²','1 ta / 100 kishilik','Yomon',72.00,62.00,'Markaziy',1,92.00,99.00,350.28,492.85,920.83,1,1,'2874 Josh Pine Apt. 792\nWest Jerodview, MO 32559-0651',NULL,'2025-04-17 12:41:24','2025-04-17 12:41:24'),(13,10,'Giovanni Lock',1982,NULL,4,3322.84,1,4,3,1606.04,1850.10,107,258,1.05,'oshxona','1 ta / 150 m²','1 ta / 100 kishilik','Yaxshi',98.00,86.00,'Elektr',2,71.00,63.00,696.41,334.52,371.33,0,1,'38818 Kathryne Green Apt. 398\nKeeblermouth, CT 56850',NULL,'2025-04-17 12:41:24','2025-04-17 12:41:24'),(14,9,'Miguel Stream',1981,NULL,1,2005.05,0,1,1,1184.88,1044.21,235,85,0.55,'bufet','1 ta / 150 m²','1 ta / 100 kishilik','Yomon',69.00,95.00,'Qozonxona',1,95.00,95.00,987.35,286.58,177.20,1,0,'8129 Friesen Stravenue Suite 569\nWest Freeda, CT 69266-2263',NULL,'2025-04-17 12:41:24','2025-04-17 12:41:24'),(15,8,'Darien Dam',2010,2021,3,2472.11,0,3,2,2369.53,862.97,123,132,0.97,'oshxona','1 ta / 150 m²','1 ta / 100 kishilik','Yomon',91.00,87.00,'Markaziy',1,82.00,86.00,868.29,177.36,223.22,0,1,'15996 Ullrich Drive\nKarinaton, NH 56577-9987',NULL,'2025-04-17 12:41:24','2025-04-17 12:41:24'),(16,7,'Klein Vista',1990,2006,4,3653.96,0,1,1,2299.25,1902.39,63,138,0.74,'oshxona','1 ta / 150 m²','1 ta / 100 kishilik','Qoniqarli',53.00,94.00,'Markaziy',3,84.00,73.00,820.50,236.71,243.90,1,0,'847 Giles Mews\nTremblaychester, AL 16370',NULL,'2025-04-17 12:41:24','2025-04-17 12:41:24'),(17,6,'Evangeline Freeway',2020,NULL,4,2449.38,1,5,2,723.66,238.49,78,137,1.72,'bufet','1 ta / 150 m²','1 ta / 100 kishilik','Yomon',67.00,79.00,'Qozonxona',1,91.00,83.00,381.93,108.00,391.81,0,1,'517 Welch Neck Apt. 075\nJulietport, ID 66997-1371',NULL,'2025-04-17 12:41:24','2025-04-17 12:41:24'),(18,1,'Schmitt Forge',2013,2007,1,2878.79,1,4,3,2780.98,1123.87,241,227,1.94,'oshxona','1 ta / 150 m²','1 ta / 100 kishilik','Qoniqarli',79.00,73.00,'Qozonxona',1,70.00,99.00,114.22,782.31,518.85,0,1,'3388 Towne Freeway Apt. 618\nBernhardborough, VA 86148',NULL,'2025-04-17 12:41:24','2025-04-17 12:41:24'),(19,2,'Rogahn Bypass',2001,NULL,2,1366.56,1,1,2,2527.31,1063.93,150,24,1.86,'bufet','1 ta / 150 m²','1 ta / 100 kishilik','Yaxshi',78.00,56.00,'Qozonxona',3,97.00,86.00,861.92,757.77,419.38,0,1,'48611 Keeling Ports\nMullerfort, AZ 26555',NULL,'2025-04-17 12:41:24','2025-04-17 12:41:24'),(20,12,'Colleen Forks',2022,NULL,1,4168.83,0,2,3,2062.49,737.84,108,82,1.40,'bufet','1 ta / 150 m²','1 ta / 100 kishilik','Qoniqarli',99.00,100.00,'Elektr',1,88.00,70.00,163.76,621.41,432.10,1,1,'3186 Orn Village Apt. 897\nO\'Connerville, SD 96865',NULL,'2025-04-17 12:41:24','2025-04-17 12:41:24');
/*!40000 ALTER TABLE `kindergartens` ENABLE KEYS */;
UNLOCK TABLES;

--
-- Table structure for table `migrations`
--

DROP TABLE IF EXISTS `migrations`;
/*!40101 SET @saved_cs_client     = @@character_set_client */;
/*!50503 SET character_set_client = utf8mb4 */;
CREATE TABLE `migrations` (
  `id` int unsigned NOT NULL AUTO_INCREMENT,
  `migration` varchar(255) COLLATE utf8mb4_unicode_ci NOT NULL,
  `batch` int NOT NULL,
  PRIMARY KEY (`id`)
) ENGINE=InnoDB AUTO_INCREMENT=8 DEFAULT CHARSET=utf8mb4 COLLATE=utf8mb4_unicode_ci;
/*!40101 SET character_set_client = @saved_cs_client */;

--
-- Dumping data for table `migrations`
--

LOCK TABLES `migrations` WRITE;
/*!40000 ALTER TABLE `migrations` DISABLE KEYS */;
INSERT INTO `migrations` VALUES (1,'0001_01_01_000000_create_users_table',1),(2,'0001_01_01_000001_create_cache_table',1),(3,'0001_01_01_000002_create_jobs_table',1),(4,'2025_04_15_000001_create_districts_table',1),(5,'2025_04_15_000002_create_added_table',1),(6,'2025_04_15_000003_create_kindergartens_table',1),(7,'2025_04_15_125106_add_district_id_to_added_table',1);
/*!40000 ALTER TABLE `migrations` ENABLE KEYS */;
UNLOCK TABLES;

--
-- Table structure for table `password_reset_tokens`
--

DROP TABLE IF EXISTS `password_reset_tokens`;
/*!40101 SET @saved_cs_client     = @@character_set_client */;
/*!50503 SET character_set_client = utf8mb4 */;
CREATE TABLE `password_reset_tokens` (
  `email` varchar(255) COLLATE utf8mb4_unicode_ci NOT NULL,
  `token` varchar(255) COLLATE utf8mb4_unicode_ci NOT NULL,
  `created_at` timestamp NULL DEFAULT NULL,
  PRIMARY KEY (`email`)
) ENGINE=InnoDB DEFAULT CHARSET=utf8mb4 COLLATE=utf8mb4_unicode_ci;
/*!40101 SET character_set_client = @saved_cs_client */;

--
-- Dumping data for table `password_reset_tokens`
--

LOCK TABLES `password_reset_tokens` WRITE;
/*!40000 ALTER TABLE `password_reset_tokens` DISABLE KEYS */;
/*!40000 ALTER TABLE `password_reset_tokens` ENABLE KEYS */;
UNLOCK TABLES;

--
-- Table structure for table `sessions`
--

DROP TABLE IF EXISTS `sessions`;
/*!40101 SET @saved_cs_client     = @@character_set_client */;
/*!50503 SET character_set_client = utf8mb4 */;
CREATE TABLE `sessions` (
  `id` varchar(255) COLLATE utf8mb4_unicode_ci NOT NULL,
  `user_id` bigint unsigned DEFAULT NULL,
  `ip_address` varchar(45) COLLATE utf8mb4_unicode_ci DEFAULT NULL,
  `user_agent` text COLLATE utf8mb4_unicode_ci,
  `payload` longtext COLLATE utf8mb4_unicode_ci NOT NULL,
  `last_activity` int NOT NULL,
  PRIMARY KEY (`id`),
  KEY `sessions_user_id_index` (`user_id`),
  KEY `sessions_last_activity_index` (`last_activity`)
) ENGINE=InnoDB DEFAULT CHARSET=utf8mb4 COLLATE=utf8mb4_unicode_ci;
/*!40101 SET character_set_client = @saved_cs_client */;

--
-- Dumping data for table `sessions`
--

LOCK TABLES `sessions` WRITE;
/*!40000 ALTER TABLE `sessions` DISABLE KEYS */;
INSERT INTO `sessions` VALUES ('lOGx7jRpBMn4VTJ9HVuOzBBy9UbwKjDjsJ1j6im5',2,'127.0.0.1','Mozilla/5.0 (X11; Linux x86_64) AppleWebKit/537.36 (KHTML, like Gecko) Chrome/133.0.0.0 Safari/537.36','YTo0OntzOjY6Il90b2tlbiI7czo0MDoid1I1YmpLQTJnMGlzTlhwelVSNm9mZjZRQkdISW5LM0J2WHBKdlJ3ZCI7czo2OiJfZmxhc2giO2E6Mjp7czozOiJvbGQiO2E6MDp7fXM6MzoibmV3IjthOjA6e319czo5OiJfcHJldmlvdXMiO2E6MTp7czozOiJ1cmwiO3M6MzU6Imh0dHA6Ly8xMjcuMC4wLjE6ODAwMC9raW5kZXIvZGF0YS8yIjt9czo1MDoibG9naW5fd2ViXzU5YmEzNmFkZGMyYjJmOTQwMTU4MGYwMTRjN2Y1OGVhNGUzMDk4OWQiO2k6Mjt9',1744924582),('nEHpZTUQiCzAo38DilmvrRqHepuohewqvZdwIyfN',NULL,'127.0.0.1','Mozilla/5.0 (X11; Linux x86_64) AppleWebKit/537.36 (KHTML, like Gecko) Chrome/133.0.0.0 Safari/537.36','YTozOntzOjY6Il90b2tlbiI7czo0MDoiblM5bk0zTnBmd1lSWFU0d2l5YTg4dE5uOVRxdFpycnZMT2ZPaEhoOSI7czo5OiJfcHJldmlvdXMiO2E6MTp7czozOiJ1cmwiO3M6NDE6Imh0dHA6Ly8xMjcuMC4wLjE6ODAwMC9raW5kZXJnYXJ0ZW4tcmVnaW9uIjt9czo2OiJfZmxhc2giO2E6Mjp7czozOiJvbGQiO2E6MDp7fXM6MzoibmV3IjthOjA6e319fQ==',1744921142);
/*!40000 ALTER TABLE `sessions` ENABLE KEYS */;
UNLOCK TABLES;

--
-- Table structure for table `users`
--

DROP TABLE IF EXISTS `users`;
/*!40101 SET @saved_cs_client     = @@character_set_client */;
/*!50503 SET character_set_client = utf8mb4 */;
CREATE TABLE `users` (
  `id` bigint unsigned NOT NULL AUTO_INCREMENT,
  `name` varchar(255) COLLATE utf8mb4_unicode_ci NOT NULL,
  `email` varchar(255) COLLATE utf8mb4_unicode_ci NOT NULL,
  `email_verified_at` timestamp NULL DEFAULT NULL,
  `password` varchar(255) COLLATE utf8mb4_unicode_ci NOT NULL,
  `remember_token` varchar(100) COLLATE utf8mb4_unicode_ci DEFAULT NULL,
  `created_at` timestamp NULL DEFAULT NULL,
  `updated_at` timestamp NULL DEFAULT NULL,
  PRIMARY KEY (`id`),
  UNIQUE KEY `users_email_unique` (`email`)
) ENGINE=InnoDB AUTO_INCREMENT=3 DEFAULT CHARSET=utf8mb4 COLLATE=utf8mb4_unicode_ci;
/*!40101 SET character_set_client = @saved_cs_client */;

--
-- Dumping data for table `users`
--

LOCK TABLES `users` WRITE;
/*!40000 ALTER TABLE `users` DISABLE KEYS */;
INSERT INTO `users` VALUES (1,'Yoqubov_Shehroz','student1002@tuit.uz',NULL,'$2y$12$F66dxpHEolkHhWThvz9OC.3/8Hj7tF/LF3ihaVjzPiF6qpreodK4.',NULL,'2025-04-17 06:09:36','2025-04-17 06:09:36'),(2,'Yoqubov_Shehroz','a@gmail.com',NULL,'$2y$12$TL63sXB2isSLsrgzhdt0Leeyst0M6O15iFQyKoDpZ3k5q04B7cQ6K',NULL,'2025-04-17 10:38:38','2025-04-17 10:38:38');
/*!40000 ALTER TABLE `users` ENABLE KEYS */;
UNLOCK TABLES;
/*!40103 SET TIME_ZONE=@OLD_TIME_ZONE */;

/*!40101 SET SQL_MODE=@OLD_SQL_MODE */;
/*!40014 SET FOREIGN_KEY_CHECKS=@OLD_FOREIGN_KEY_CHECKS */;
/*!40014 SET UNIQUE_CHECKS=@OLD_UNIQUE_CHECKS */;
/*!40101 SET CHARACTER_SET_CLIENT=@OLD_CHARACTER_SET_CLIENT */;
/*!40101 SET CHARACTER_SET_RESULTS=@OLD_CHARACTER_SET_RESULTS */;
/*!40101 SET COLLATION_CONNECTION=@OLD_COLLATION_CONNECTION */;
/*!40111 SET SQL_NOTES=@OLD_SQL_NOTES */;

-- Dump completed on 2025-04-18  2:26:34
